Jene Arista,4421427959,43
Florrie Anes,3122616893,7
Mitsue Balkcom,4523199097,56
Glynis Anthes,0098088915,61
Luvenia Babey,4566570237,27
Love Azebedo,5107604493,82
Nathanael Balsiger,5853912134,56
Demetra Alpis,2955048364,97
Avery Adickes,2933588095,77
Fernanda Andris,8150549338,24
Joe Arndt,2901989862,78
Alverta Abrahams,6885348518,70
Christeen Alcorn,2751079608,52
Nova Baniaga,5621288785,87
Milton Baldwyn,2876830568,27
Bell Ady,4316419003,83
Roman Barreiro,3025491106,23
Billy Agner,3490307710,64
Johnie Arnold,0275924830,6
Marcellus Badamo,6646302877,24
Claris Alejandro,5080723971,97
Ferne Androes,5695203189,47
Danny Allgeier,0803969228,55
Joanie Armster,6925719437,76
Elene Amell,0785269882,75
Chae Alatorre,3036615101,44
Melba Bakken,8120959543,4
Angelena Accetta,4006219916,49
Michel Baldassare,0033798259,11
Philomena Barbur,3290397980,96
Farrah Andreassen,3979130985,19
Winifred Beirne,2340063888,26
Tasia Bazel,2804874283,77
Francis Angelica,3994368821,79
Vinnie Beesley,3747425918,90
Dorcas Alvarran,2693458570,53
Van Bednar,4242902653,69
Kasey Arya,3018429355,95
Grisel Anton,2089507965,64
Susie Baute,1809165191,39
Nickie Bamford,1519622281,26
Larita Au,0875531124,37
Rosanne Barrile,2639370545,10
Jasmin Argie,1169900990,22
Catrice Alaimo,1565268503,33
Amy Abruzzino,4591908780,51
Valencia Bedeau,3952465035,55
Olevia Bannister,3421238323,14
Mariela Bafia,1118440798,71
Aimee Abbinanti,9232149233,36
Emmanuel Amrich,8288803974,60
Meghann Bakerville,4015113218,2
Delilah Aloia,5953606635,43
Gregory Antoine,3023159220,48
Sterling Baumert,8294166730,35
Brain Aguayo,2423519369,91
January Argall,0415950788,80
Fanny Andreasen,7943117323,21
Mari Baell,4610690241,67
Elwanda Amore,6061785683,32
Gene Anibal,1062577919,78
Mozelle Balletta,5467199282,96
Etsuko Ancona,5696021427,16
Elizebeth Amie,0778368483,14
Alleen Abitong,7508363511,28
Dean Alma,0892747887,60
Kimberly Aspinwall,0716938278,51
Aurea Ades,7988416772,22
Stefania Baughey,9309974099,81
Elizabet Amidei,2216514916,71
Alfreda Aben,5268779594,31
Leatha Auna,6802920947,44
Janey Arens,0506064150,100
Jacklyn Archuletta,5578057596,60
Ashely Addie,0577700034,65
Jc Arguillo,9135907507,55
Saundra Bartsch,0502470758,59
Mariko Bagdon,0652891980,45
Emmie Amsbaugh,3475656618,80
Tristan Beckham,9021515598,60
Rex Barmer,3460269007,23
Franchesca Angelbeck,2052051468,33
Marg Badenoch,0829958840,24
Pricilla Barcus,7279386083,22
Lincoln Avetisyan,7128955818,76
Johnette Arnn,9188646659,9
Dolly Altomonte,1319230719,88
Tory Beccue,3054551263,50
Fernanda Andris,8150549338,64
Nannie Balogh,2660847350,87
Donnette Alvara,1778257028,2
Deadra Allyne,7360334079,91
Lala Atta,2558526409,47
Wade Begnoche,3089465662,56
Irene Arauz,9346730627,65
Noel Bandura,6437813618,23
Merideth Balash,1962643327,28
Tisa Beaudin,1356397917,14
Aurelio Adesso,0976144221,49
Stephnie Baumer,0199761860,52
Susanna Bausman,4077371405,85
Jazmin Arguijo,8516310032,40
Treena Becke,0696628824,31
Willette Beierle,1397282389,92
Bryon Ahmann,9886209289,96
Tifany Beaton,0871737143,84
Zachariah Belfiore,6895591414,52
Claudie Aler,5468390955,52
Callie Ahsing,6197036498,81
Cassey Akiona,5006569852,69
Tanesha Bayona,4755872856,1
Armida Adamson,3927502424,33
Wonda Beisser,9897465479,27
Afton Abato,4744843700,47
Karolyn Arvesen,2924187088,36
Amado Abrams,2863400519,46
Shin Batkin,1052993954,93
Elenor Amemiya,3362037192,20
Audrea Adelsberg,2479999533,68
Ranae Barfuss,5965785048,22
Cinderella Aldredge,3168082989,70
Soraya Baucher,0252646225,83
Kaila Artale,9397192576,28
Brittani Ahlberg,0726811157,42
Nelda Baltodano,5696106647,43
Melodie Bala,5836627486,7
Deeann Almeyda,6738464492,11
Logan Axel,6809266295,86
Kasha Arzabala,5042536048,80
Kenny Asif,1526496024,17
Brande Agudo,3235960858,10
Ricky Barney,1545185554,10
Charmaine Alberta,3393972026,67
Lashaunda Aubrecht,5526845885,18
Dione Altmire,2772622667,5
Alease Abdou,5485781371,53
Tameika Baygents,6771116332,72
Anissa Acey,4763805929,0
Margurite Bae,0715913639,71
Arnetta Adamyan,7165387090,49
Hyo Aquino,5060398865,48
Deborah Almeida,2744012485,91
Bethel Agee,7449677062,81
Mathilde Baines,9343869117,67
Dreama Alwazan,5926859494,91
Rey Barmes,7906018381,84
Coreen Algood,7747046548,57
Von Beghtol,6350143162,88
Jerlene Arlt,4921195920,91
Carmen Ajayi,5826429191,30
Maudie Baird,4598798155,76
Vicenta Beeman,1485901944,18
Mechelle Bakaler,3399316070,44
Blair Agnor,1611741396,13
Jeremy Arline,6707606851,82
Arlie Adamitis,4321676624,56
Antony Acoba,8180636124,6
Nelly Baltzley,4523288291,90
Nichole Bambrick,4619475192,55
Cassi Akiyama,9738488818,78
Brandie Aguiar,3788560255,40
Teressa Beagle,3053538358,45
Salome Bartle,4119122846,66
Edward Amboree,8342251790,47
Maia Bachner,9382104332,14
Clark Aleksey,9294892274,13
Lavinia Aukamp,4861317467,75
Dodie Altomare,3395291147,54
Emmy Amsdell,2245094448,77
Earlean Amann,9931756227,0
Rich Barne,2614921219,93
Osvaldo Baquero,5633216054,40
Lynette Babinski,7542966181,47
Floyd Anestos,7729895107,93
Shameka Baselice,2277850431,77
Masako Bain,6072965666,60
Dionna Alto,6045236544,78
Linsey Avitabile,7003582870,43
Marilu Bagen,0320641192,9
Edie Ambagis,2042069066,24
Yon Belardo,4997647711,68
Annalisa Achor,5169992821,66
Dina Altizer,3799427448,22
Melodee Bakula,8666432286,100
Hellen Apicella,4629925680,40
Bea Adonis,2276319093,73
Willa Beichner,7228723594,42
Lannie Attkisson,4452345118,5
Jacquelyne Arciola,8222202552,57
Iris Aravjo,3615583910,68
Ina Arambulo,2737207781,1
Keely Ashaf,9297166263,17
Kandis Arties,8269559459,89
Hong Appleton,1062424734,45
Sadie Bartholow,6321909955,15
Tangela Bayot,7605324313,79
Paula Barbarin,4156490841,83
Jalisa Ardizzone,7973171016,52
Augusta Adens,8013324988,83
Guadalupe Antonakos,2739541241,31
Cherryl Albu,2176856140,22
Corazon Alger,3064878327,95
Arnulfo Adaway,0623806439,50
Marni Bahe,4613835613,72
Pok Barcik,9129146506,70
Christopher Alder,5439294437,31
Dion Altmiller,6244122372,45
Lannie Attkisson,4452345118,42
Maynard Bajek,2060331656,33
Theodore Beardall,2989301287,91
Etsuko Ancona,5696021427,23
Marci Badder,6599057774,95
Osvaldo Baquero,5633216054,72
Jina Armond,5559778369,81
Richard Barnebey,1598063773,13
Esmeralda Anastasia,1380620860,75
Lindy Avilla,0886736147,20
Junior Arrow,4989275916,26
Ricarda Barncastle,5049292961,40
Maryalice Baile,6542954013,27
Katia Aschenbach,9937046087,39
Treva Becker,4968778605,70
Hertha Aponte,1949197461,40
Aleta Abedi,1237490065,100
Derek Alsop,2118421869,20
Dione Altmire,2772622667,27
Shanna Basich,9043322252,61
Kelli Asher,0670326980,94
Merrilee Balboni,6758473336,39
Tony Bebber,1107810258,6
Josh Arquelles,3874780154,47
Echo Amaro,8969276198,30
Thomas Bearfield,7848659057,37
Jaime Ardery,2828790435,50
Roma Barree,2984923868,96
Ricarda Barncastle,5049292961,77
Shiloh Batiz,7095396429,80
Josefina Arosemena,7316363694,41
Mckenzie Bak,1374227521,72
Sena Barz,3864500812,41
Warren Behizadeh,6220435781,24
Ervin Anastacio,6704751068,3
Alena Abdulmuniem,7313564152,2
Joleen Arnst,4139851106,77
Tiara Beath,7809131920,20
Brittni Ahler,2712844804,95
Waltraud Behan,2140837246,32
Mayme Bajdas,3264180727,45
Gabriel Angileri,9252407764,74
Wesley Behnken,8869842775,87
Rana Barfoot,7926320907,21
Sheryll Batista,9971526101,1
Debra Almen,2575538863,13
Kera Asken,9570411529,41
Hugh Apt,0744760449,26
Racquel Bareis,5589056310,66
Cecily Alamo,3848454440,80
Victor Beerbohm,4131171504,42
Coreen Algood,7747046548,100
Eryn Anastasi,6830887468,67
Lois Axelrod,1775084226,52
Michell Baldelli,2482164105,76
Leroy Auwaerter,9694770634,17
Khalilah Aslinger,5931894450,51
Berta Agamao,0949166365,28
Glenda Antal,2234971293,95
Winifred Beirne,2340063888,56
Randa Barg,4554506619,19
Sharlene Basore,9609009643,54
Nga Bambas,0286445585,57
Gaylord Anguiano,8564494037,82
Jeanelle Argyle,0056229346,89
Demetria Alpizar,4050750420,89
Steffanie Bauguess,7511052689,16
Jani Arenson,3063859826,80
Katherina Asante,9824512145,84
Elma Amistoso,1609925349,74
Carmelina Aivao,4368601718,15
Cherise Albrekht,7250609224,31
Tomeka Beauliev,7112124695,77
Damien Allegrini,4401681331,55
Loan Ax,4755119653,85
Leonor Autobee,9095939417,64
Daryl Allsop,4201893452,21
Chase Albertine,7040378172,86
Pamila Baranga,4308082902,67
Lai Atkeson,5098737869,19
Kris Astolfi,7761005264,79
Reena Barish,7490141038,15
Nakesha Balluch,8255340888,31
Tawny Bazydlo,5360821525,79
Lloyd Awyie,2167843361,51
Hattie Anzures,4600512730,18
Annalee Achin,0983923313,15
Miriam Balian,0157670288,85
Elmer Amith,3675347570,59
Elizabet Amidei,2216514916,88
Juliane Arrigone,0266019245,83
Flo Andruzzi,5748069927,16
Glennis Antell,2491248994,58
Belia Aduddell,5069182092,12
Yer Bekius,8511895311,92
Genoveva Ankeny,1142075360,31
Cheri Albracht,8339621360,46
Nickie Bamford,1519622281,44
Hortencia Appling,9035450738,7
Tierra Beatley,4513852586,19
Song Batun,4836556232,73
Dawn Allums,8802321847,8
Troy Beckler,3385849589,22
Jonas Aro,7870875710,47
Evan Andersen,8193541260,22
Maile Bachor,3281611645,29
Estelle Ancar,7175862816,95
Lavon Auker,2646007581,48
Argelia Acuff,7452685197,42
Delmy Alosta,9401899701,9
Yoshie Belay,9933423140,76
Avery Adickes,2933588095,33
Opal Banuelos,0030191814,77
Zora Belk,9984749771,88
Santos Bartosh,1172466570,35
Lino Avita,2500138153,44
Lawanna Aulds,5185967365,26
Zona Belizaire,0351869715,44
Robbie Barnscater,6216007260,1
Delois Alouf,0549540471,9
Emilia Amparo,1546912120,45
Argentina Acuna,2737365513,69
Kimiko Aspri,5164437248,76
Lorie Ayles,1437628894,49
Lakisha Aton,2433571798,59
Rory Barria,1431892639,21
Amalia Abrantes,2133225590,69
Coleen Alexopoulos,7008862542,8
Jerrell Arman,7001834941,79
Valentin Bedeker,5052002134,53
Audry Adema,7684776857,84
Alonso Abolafia,6674107116,68
Estela Anawaty,0883496195,71
Cameron Ahyet,3678702594,0
Mel Bakewell,8827690770,13
Ginger Anselm,9463057546,81
Stacy Bauerkemper,0264774693,18
Tessa Beames,9478329458,21
Willetta Beier,6032103624,43
Ted Bazzell,7002297978,9
Deidre Almonte,9361450539,84
Octavio Bankes,2110299067,52
Latia Audain,4457246891,94
Cheri Albracht,8339621360,20
Dorothea Alvidrez,6898764500,33
Ola Banner,0230881475,98
Oleta Banning,5601113330,38
Coleman Alexy,8166994952,79
Jocelyn Arnall,4973153467,10
Hedy Apana,3191242711,29
Malcolm Bachus,5097339834,83
Abram Aamot,9150436467,72
Jarrod Argenziano,3880211211,42
Norman Bangura,3811957782,13
Kelley Ashely,4120628171,48
Classie Aleman,7228468700,40
Lisha Aw,1770785147,54
Rachelle Bareilles,5481568763,96
Phillip Barbrick,8691436643,29
Steven Baumgardner,4881883204,62
Rayna Barientos,8350651716,91
Romelia Barren,4564888345,51
Piedad Barcenas,1328790236,97
Collin Alferez,1728815712,94
Marlana Bagozzi,3572967868,16
Oscar Baptista,8289153997,85
Marcel Bacus,0224664045,42
Luther Babeu,3231487147,90
Melvina Balak,0881521795,7
King Assad,0101073361,58
Renae Barkley,9083777445,36
Dara Allie,8292588260,96
Jae Ardeneaux,1676884511,77
Kylee Athalone,9175982784,67
Hermelinda Apodaca,8979688560,59
Sherri Bateson,0845254633,27
Aileen Abbenante,9679975998,64
Tambra Bayete,7630030157,19
Romaine Barreira,0853180910,79
Bette Agena,8946836753,11
Raisa Bares,8895132441,31
Jeannette Ariel,2415114215,54
Vinnie Beesley,3747425918,27
Jessenia Armelin,3063600336,40
Josie Arquitt,5949238436,85
Argelia Acuff,7452685197,51
Sharell Baskow,5673986716,61
Kyle Ates,2898920112,13
Conchita Alfonso,3072389155,52
Tyesha Beckton,5882505165,84
Delana Almy,0116316603,44
Ericka Amyot,0162078548,27
Allene Able,0915496181,71
